"処理日時","会社名","部署","担当者","件名","本文","本文字数","opener_score","replier_score","closer_score","final_score","モード","差し戻し回数","採用理由","備考"
"2026-09-09T14:15:58+09:00","セーフィー株式会社","開発部","ご担当者","【防犯機器×クラウドSaaS向け】管理画面・ダッシュボード改修のバックログに、フロント専門エンジニア約40名を1名から","開発部 ご担当者様

防犯機器とクラウドの複数プロダクトで管理画面・ダッシュボードを内製し、顧客要望の機能追加とレガシー刷新が並走する貴社へ。
改修のバックログが積み上がっていませんか。

株式会社Lei Hau'oliは、フロントエンド特化で国内大手BtoCの直請け現場を経験したエンジニアを、1名からチーム単位で常駐できる唯一の開発支援会社です。
React／Next.js専門の約40名が国内最大級の美容予約サービスのフロント開発に参画。SaaS管理画面の刷新が得意領域です。

採用に数か月かけず、刷新か新機能の片方を任せられる即戦力を置けば、内製チームはコア機能に集中できます。

バックログは積むほど下期のリリース計画を圧迫します。固まる前の今なら、要員込みでご提案できます。

「詳細希望」の4文字だけ、このフォームにご返信ください。

株式会社Lei Hau'oli 開発支援事業部 〇〇（連絡先 要確認）","391","82","85","79","88","合成","0","件名・冒頭のパーソナライズはopener、USP言い切りとFAB+E・不適潰し（SaaS管理画面刷新）はcloser、なぜ今の補強と「詳細希望」4文字CTAはreplierから合成。replierの「防犯カメラ」は入力にない推測のため除去。",""
"2026-09-09T14:15:58+09:00","パロニム株式会社","開発部","ご担当者","【フロント兼任の開発部向け】UI改修を止めない、React/Vue即戦力を1名から短期参画","開発部 ご担当者様

パロニム株式会社様のように少人数でWebサービスを運営し、フロントとバックを兼任されている開発部では、UI改修や機能追加の要望が「フロントの手が空くまで待ち」になっていないでしょうか。

株式会社Lei Hau'oliの〇〇と申します。2008年設立のフロントエンド特化SES会社で、React/Vue専門のエンジニア約40名が在籍し、国内大手BtoCの直請け現場を経験した即戦力を1名から供給できます。

採用に数か月かけず準委任で足せるため、内製チームはリリースを止めずにコア機能に集中できます。国内最大級の美容予約サービスの開発にも参画し、少人数運営でも同じ品質基準で入れます。

採用を待つ間も要望は積み上がります。年末の繁忙期前に1名足すかどうかが、下期のリリース本数を左右します。

このフォームに「詳細希望」の4文字だけご返信ください。

株式会社Lei Hau'oli 開発支援事業部 〇〇","397","78","84","80","89","合成","0","件名はopener（固有ワードと「1名から」）、冒頭の「フロントの手が空くまで待ち」と不急潰し・4文字CTAはreplier、USP→準委任で即戦力→リリースを止めない→美容予約サービス実績のFAB+E線と不適潰しはcloserから合成。",""
"2026-09-09T14:16:30+09:00","株式会社グラスホッパー・マニファクチュア","開発部","ご担当者","【ゲーム開発部向け】本体開発を止めずにReact/Vue刷新を進める、1名からのフロント専任支援","開発部 ご担当者様

ゲーム開発の貴社で、公式サイトや運営管理ツール、Web版の改修が後回しになっていませんか。
React/Vue刷新やSPA化を控えつつ、フロントエンド経験者が採れない開発部の方へ。

株式会社Lei Hau'oliは2008年設立の開発支援会社です。
フロントエンド特化で、大手BtoC直請け経験者を1名からチーム単位で供給できるのは当社だけです。

React/Vue専門のエンジニア約40名が在籍し、採用に数か月かけず即戦力を確保できます。
貴社のエンジニアはゲーム本体に集中したまま、Web刷新やSPA化を止めずに進められます。
国内最大級の美容予約サービスの開発にも参画中です。

採用を待つ間も改修は積み上がります。
年内に着手するなら、9月の今が動く時期です。

「詳細希望」の4文字だけ、このフォームにご返信ください。

株式会社Lei Hau'oli 開発支援事業部
〇〇（要確認）
メール・電話（要確認）","399","80","79","80","88","合成","0","件名と冒頭2行はopener、USP言い切りとFAB+E線はcloser、「年内着手なら9月の今」の不急潰しと4文字CTAはreplierから合成。共通の弱点はゲーム業界事例が自社プロフィールに無く不適の壁を埋められない点。","自社プロフィールにゲーム業界事例なし（契約力の上限要因）"
"2026-09-09T14:33:56+09:00","Earth Technology株式会社","開発部","ご担当者","【1名からチーム単位で常駐】複数プロダクトのUI改修・レガシー刷新を止めない体制づくり","開発部 ご担当者様

複数のプロダクトを内製チームで運営される中、UI改修や機能追加の要望が続き、レガシー刷新と新機能開発を同じフロントエンドチームで並走させ、負荷が偏っていないでしょうか。

株式会社Lei Hau'oliは2008年設立、React/Vue.js/Next.jsを専門とするエンジニア約40名が在籍するフロントエンド特化の開発支援会社です。国内最大級の美容予約サービスの開発にも参画しています。

大手BtoC直請け現場の開発フローをそのまま持ち込み、1名からチーム単位で常駐参画できます。中途採用に数か月かけずに即戦力を確保でき、リリースを止めずに刷新と新機能開発を並走できます。

年度後半に要望が積み上がる前に体制を整えておくと、負荷の平準化がしやすくなります。ご興味があれば、本メールに「相談したい」とだけご返信ください。

株式会社Lei Hau'oli 開発支援事業部
〇〇（要確認）","393","71","80","82","90","合成","0","- モード: 合成 - 部品ごとの採用元: ①件名=closer ②宛名＋冒頭2行=replier ③パーソナライズ／課題提示=replier ④自社紹介＋USP=closer ⑤FAB+E＋実績=closer ⑥なぜ今=closer ⑦CTA=replier ⑧署名=共通 - opener: 件名の「複数プロダクト×大規模UI」は最も自社宛て感が強く開封力は3案中最高。ただし A3 を落としてお",""
"2026-09-09T14:53:34+09:00","株式会社FLUX","開発部","ご担当者","【FLUX開発部様】複数プロダクトのUI負荷、フロントエンド約40名で分散","開発部 ご担当者様

複数プロダクトの大規模UIを内製で抱えながら、レガシー刷新と新機能開発を並走させると、フロントエンドの負荷はどこかで平準化できなくなります。UI改修要望だけが積み上がっていないでしょうか。

弊社は2008年設立の株式会社Lei Hau'oli。React・Vue.js・Next.js・TypeScriptを専門とするフロントエンドエンジニア約40名を、1名からチーム単位で常駐参画させています。フロントエンド特化で人材を厚く抱えている点が独自性です。

国内最大級の美容予約サービスの開発にも参画し、大規模BtoCの設計・品質基準をそのまま持ち込めます。中途採用に数か月かけずに、刷新と新規開発を同時に前進させられます。

下期の開発計画が固まる前に、本メールへの返信で15分ほどお話を伺えないでしょうか。

株式会社Lei Hau'oli 開発支援事業部
〇〇（要確認）","384","81","83","82","90","合成","0","- モード: 合成 - 部品ごとの採用元: ①件名=closer ②宛名＋冒頭=closer＋replier ③課題提示=replier ④自社紹介＋USP=closer ⑤FAB+E＋実績=opener＋closer ⑥なぜ今=opener（下期計画）＋closer（採用待ちの機会損失） ⑦CTA=opener ⑧署名=共通 - opener: 課題仮説の固有ワードを件名・冒頭に集中させた点が最",""
"2026-09-09T14:53:57+09:00","株式会社ecbeing","開発部","ご担当者","【フロントエンド約40名】レガシー刷新と新機能の並走、1名から常駐で支援します","開発部 ご担当者様

複数プロダクトの大規模UIを内製で運営し、レガシー刷新と新機能開発を並走させる御社では、フロントエンド人員が繁忙期だけ足りない状況が続いていないでしょうか。

株式会社Lei Hau'oliは2008年設立、フロントエンド特化で大手BtoC直請け現場を経験したエンジニアを1名からチーム単位で供給できる開発支援会社です。React・Vue.js・Next.jsを専門とする約40名が設計から運用改善まで担当し、採用に数か月かけず即戦力を確保できます。国内最大級の美容予約サービスのフロントエンド開発にも参画してきました。

受託案件の波で稼働が上がってからでは間に合いません。今のうちに合流させておけば、リリースを止めずに済みます。

まずは現在の開発体制を伺いたく、本メールに「相談したい」の一言だけご返信ください。

株式会社Lei Hau'oli 開発支援事業部
〇〇（要確認）","388","85","78","82","92","合成","0","- モード: 合成 - 部品ごとの採用元: ①件名=opener＋replier合成（「約40名」の数字＋課題ワード） ②宛名＋冒頭=closer（問いかけ型で当事者化） ③課題提示=closer ④自社紹介＋USP=closer ⑤FAB+E＋実績=closer＋opener ⑥なぜ今=replier（「繁忙期に入ってからでは間に合わない」） ⑦CTA=replier（「相談したい」の一言返信）",""
"2026-09-09T14:53:58+09:00","株式会社LegalOn Technologies","開発部","ご担当者","【複数プロダクト運用のSaaS向け】改修バックログを解消する40名のフロントエンド専任チーム","開発部 ご担当者様

複数プロダクトの管理画面・ダッシュボードを内製で運用される貴社の開発チーム宛てのご案内です。顧客要望による機能追加でフロントエンド改修がバックログに積み上がり、レガシー刷新と新機能開発の並走で負荷が偏っていませんか。

株式会社Lei Hau'oliは設立2008年、React/Vue.js/Next.js/TypeScript専門のエンジニア約40名が在籍し、国内最大級の美容予約サービスのフロントエンド開発にも参画してきました。1名からチーム単位で常駐し、新機能開発を止めずに改修分だけを切り出せます。SaaSの管理画面刷新も得意領域です。

バックログを放置するほど、後から着手する改修コストは膨らみ続けます。

改修の優先順位を決めていらっしゃる方と、切り分け方を15分のオンライン情報交換で整理させてください。

株式会社Lei Hau'oli 開発支援事業部
〇〇（要確認）","390","85","84","86","93","合成","0","- モード: 合成 - 部品ごとの採用元: ①件名=opener ②宛名＋冒頭=opener ③課題提示=closer ④自社紹介＋USP=opener＋closer ⑤FAB+E=closer ⑥なぜ今=closer ⑦CTA=closer ⑧署名=共通 - opener: 件名の【】内が「複数プロダクト運用のSaaS向け」と**相手側の属性**になっており3案中最も転送されやすい。冒頭の「貴社",""
